First,Last,Password
AlK,Seltzer,BeaverD3fend3r!!&
BessB,Eaton,GiraffeD3fend3r!!&
CharlseE,Cheese,PlatapusD3fend3r!!&
PhilipS,Graves,AlpacaD3fend3r!!&
FrankV,Enstein,PossumD3fend3r!!&
JackH,Pott,SquirrelD3fend3r!!&
JustinL,Case,CapybaraD3fend3r!!&
LisaM,Carr,LlamaD3fend3r!!&
LouM,Zar,CrocodileD3fend3r!!&
LukeE,Warm,OctopusD3fend3r!!&
MaryP,Chryslar,PigeonD3fend3r!!&
MayR,Day,JaguarD3fend3r!!&
PaigeM,Turner,TurtleD3fend3r!!&
RussellO,Leeves,RabbitD3fend3r!!&
SonnyJ,Day,PenguinD3fend3r!!&
SueL,Yu,FalconD3fend3r!!&
TedE,Bear,FlamingoD3fend3r!!&
WillO,Power,ElephantD3fend3r!!&
WillieD,Waite,LemurD3fend3r!!&
